Average Metric value,BERT,GPT-2,Davinci
Rouge-1 F1-Score,0.2850069536605361,0.2828326253605257,0.3491385632254879
Rouge-2 F1-Score,0.09755986183088161,0.09412747732849143,0.12915914871249218
Rouge-l F1-Score,0.2643241494526717,0.2623705073740085,0.31834410506310845
BLEU Score,8.38397818519076e-232,8.43774755898153e-232,9.638328610624751e-232
BLEURT Score,-0.5202937102836112,-0.5186336899581163,-0.312968491860058
